size,noise,loops,n,seed,strategy,solved_rate,steps_median,steps_mean,steps_p90,turns_mean,uturns_mean,bumps_mean,time_mean,speed_mean,optimum_mean,speed_ratio,explore_runs_mean,wall_time_s
8,0,8,500,1,flood_fill,1,9,11.45,21,6.152,0.14,0,14.66,8.822,8.822,1,1.052,0.1363
8,0,8,500,1,reactive,0.518,13,17.24,35,7.772,0.4015,0,21.53,nan,8.822,nan,nan,0.1363
8,0,8,500,1,right_hand,0.694,23,27.46,55,14.22,1.242,0,35.82,nan,8.822,nan,nan,0.1363
8,0.05,8,500,1,flood_fill,1,10,13.33,24,8.55,0.466,0.738,18.44,9.066,8.822,1.028,1.09,0.143
8,0.05,8,500,1,reactive,0.864,29,53.33,135,23.84,4.299,1.377,70.23,nan,8.822,nan,nan,0.143
8,0.05,8,500,1,right_hand,0.982,37,50.3,115,34.66,3.835,0.7495,71.84,nan,8.822,nan,nan,0.143
16,0,16,500,1,flood_fill,1,40,48.34,89,27.69,1,0,63.19,30.91,30.91,1,1.322,0.5062
16,0,16,500,1,reactive,0.256,39,44.5,80,23.3,0.9844,0,57.13,nan,30.91,nan,nan,0.5062
16,0,16,500,1,right_hand,0.574,98,114.5,218,62.8,5.544,0,151.5,nan,30.91,nan,nan,0.5062
16,0.05,16,500,1,flood_fill,1,54,65.15,124,47.94,3.604,8.178,96.82,33.53,30.91,1.085,1.216,0.565
16,0.05,16,500,1,reactive,0.634,156,272.2,704,131.4,25.82,7.653,367.6,nan,30.91,nan,nan,0.565
16,0.05,16,500,1,right_hand,0.946,222,303.2,682,213.4,23.9,4.674,436.1,nan,30.91,nan,nan,0.565
